scheme_code,nav_date,nav
125497,2025-06-03,68.1711
125497,2025-06-04,68.3305
125497,2025-06-05,68.47
125497,2025-06-06,68.9753
125497,2025-06-07,68.6849
125497,2025-06-08,68.4223
125497,2025-06-09,68.1366
125497,2025-06-10,67.6745
125497,2025-06-11,66.3683
125497,2025-06-12,66.8435
125497,2025-06-13,67.2517
125497,2025-06-14,66.4897
125497,2025-06-15,66.2757
125497,2025-06-16,65.9045
125497,2025-06-17,65.5528
125497,2025-06-18,64.483
125497,2025-06-19,64.1683
125497,2025-06-20,64.4671
125497,2025-06-21,65.7469
125497,2025-06-22,65.944
125497,2025-06-23,66.0051
125497,2025-06-24,65.7474
125497,2025-06-25,65.4473
125497,2025-06-26,65.921
125497,2025-06-27,66.0665
125497,2025-06-28,65.7487
125497,2025-06-29,65.238
125497,2025-06-30,65.1571
125497,2025-07-01,64.8903
125497,2025-07-02,64.8875
125497,2025-07-03,64.7728
125497,2025-07-04,64.9674
125497,2025-07-05,64.3349
125497,2025-07-06,64.8809
125497,2025-07-07,66.27
125497,2025-07-08,66.8669
125497,2025-07-09,66.9762
125497,2025-07-10,67.4171
125497,2025-07-11,66.9125
125497,2025-07-12,66.1209
125497,2025-07-13,66.5077
125497,2025-07-14,66.2386
125497,2025-07-15,65.5653
125497,2025-07-16,65.125
125497,2025-07-17,64.5597
125497,2025-07-18,64.6269
125497,2025-07-19,64.918
125497,2025-07-20,65.3619
125497,2025-07-21,65.809
125497,2025-07-22,66.1865
125497,2025-07-23,66.083
125497,2025-07-24,65.7712
125497,2025-07-25,65.0171
125497,2025-07-26,65.567
125497,2025-07-27,65.4781
125497,2025-07-28,65.2729
125497,2025-07-29,65.8628
125497,2025-07-30,65.4137
125497,2025-07-31,65.8311
125497,2025-08-01,65.9793
125497,2025-08-02,65.4604
125497,2025-08-03,65.4225
125497,2025-08-04,65.909
125497,2025-08-05,66.3068
125497,2025-08-06,67.0545
125497,2025-08-07,67.2236
125497,2025-08-08,68.9098
125497,2025-08-09,68.4496
125497,2025-08-10,68.2502
125497,2025-08-11,68.2198
125497,2025-08-12,67.5104
125497,2025-08-13,68.0317
125497,2025-08-14,68.4835
125497,2025-08-15,68.493
125497,2025-08-16,68.2257
125497,2025-08-17,67.4782
125497,2025-08-18,67.0836
125497,2025-08-19,67.4554
125497,2025-08-20,67.3494
125497,2025-08-21,67.1359
125497,2025-08-22,67.3867
125497,2025-08-23,67.9657
125497,2025-08-24,68.0943
125497,2025-08-25,68.2516
125497,2025-08-26,68.9375
125497,2025-08-27,69.0253
125497,2025-08-28,68.8706
125497,2025-08-29,69.2072
125497,2025-08-30,69.0789
125497,2025-08-31,68.895
125497,2025-09-01,69.5318
125497,2025-09-02,69.3859
125497,2025-09-03,68.0583
125497,2025-09-04,68.231
125497,2025-09-05,68.0333
125497,2025-09-06,67.8887
125497,2025-09-07,68.1152
125497,2025-09-08,68.0321
125497,2025-09-09,68.1396
125497,2025-09-10,67.1284
125497,2025-09-11,66.6569
125497,2025-09-12,67.3589
125497,2025-09-13,67.3496
125497,2025-09-14,66.5129
125497,2025-09-15,65.9766
125497,2025-09-16,65.4803
125497,2025-09-17,65.5315
125497,2025-09-18,65.3152
125497,2025-09-19,64.9856
125497,2025-09-20,64.9876
125497,2025-09-21,65.2264
125497,2025-09-22,65.0969
125497,2025-09-23,64.8096
125497,2025-09-24,64.5988
125497,2025-09-25,64.7687
125497,2025-09-26,64.765
125497,2025-09-27,65.1487
125497,2025-09-28,64.5738
125497,2025-09-29,64.1861
125497,2025-09-30,64.5727
125497,2025-10-01,64.1718
125497,2025-10-02,64.8638
125497,2025-10-03,65.5664
125497,2025-10-04,66.2625
125497,2025-10-05,65.8222
125497,2025-10-06,65.8607
125497,2025-10-07,65.614
125497,2025-10-08,66.0755
125497,2025-10-09,66.9288
125497,2025-10-10,67.3656
125497,2025-10-11,67.3702
125497,2025-10-12,67.1874
125497,2025-10-13,67.512
125497,2025-10-14,66.9005
125497,2025-10-15,67.1687
125497,2025-10-16,66.7114
125497,2025-10-17,67.0216
125497,2025-10-18,66.9412
125497,2025-10-19,66.747
125497,2025-10-20,66.3043
125497,2025-10-21,66.1259
125497,2025-10-22,66.404
125497,2025-10-23,66.9259
125497,2025-10-24,67.1891
125497,2025-10-25,67.8711
125497,2025-10-26,69.1407
125497,2025-10-27,68.9784
125497,2025-10-28,68.8755
125497,2025-10-29,68.1555
125497,2025-10-30,68.7508
125497,2025-10-31,69.4005
125497,2025-11-01,68.9669
125497,2025-11-02,69.2758
125497,2025-11-03,69.8843
125497,2025-11-04,69.9974
125497,2025-11-05,70.4211
125497,2025-11-06,70.5086
125497,2025-11-07,69.9001
125497,2025-11-08,70.4248
125497,2025-11-09,71.0874
125497,2025-11-10,71.4546
125497,2025-11-11,70.9774
125497,2025-11-12,70.6018
125497,2025-11-13,70.0366
125497,2025-11-14,70.4215
125497,2025-11-15,71.0557
125497,2025-11-16,71.268
125497,2025-11-17,71.7383
125497,2025-11-18,71.3044
125497,2025-11-19,71.3774
125497,2025-11-20,70.6924
125497,2025-11-21,70.3065
125497,2025-11-22,70.7459
125497,2025-11-23,70.6261
125497,2025-11-24,71.2308
125497,2025-11-25,71.4997
125497,2025-11-26,72.867
125497,2025-11-27,72.9138
125497,2025-11-28,72.2106
125497,2025-11-29,72.1934
125497,2025-11-30,71.7119
125497,2025-12-01,72.2005
125497,2025-12-02,72.2214
125497,2025-12-03,72.1528
125497,2025-12-04,72.0907
125497,2025-12-05,72.4609
125497,2025-12-06,72.2347
125497,2025-12-07,72.6232
125497,2025-12-08,73.146
125497,2025-12-09,72.9749
125497,2025-12-10,72.5119
125497,2025-12-11,72.2554
125497,2025-12-12,72.6105
125497,2025-12-13,72.6567
125497,2025-12-14,72.9717
125497,2025-12-15,73.8532
125497,2025-12-16,73.9687
125497,2025-12-17,73.5642
125497,2025-12-18,74.0929
125497,2025-12-19,74.1186
125497,2025-12-20,74.5548
125497,2025-12-21,75.0879
125497,2025-12-22,74.6084
125497,2025-12-23,75.2994
125497,2025-12-24,75.752
125497,2025-12-25,75.45
125497,2025-12-26,75.6023
125497,2025-12-27,75.7309
125497,2025-12-28,75.7428
125497,2025-12-29,76.1788
125497,2025-12-30,76.8975
125497,2025-12-31,76.9011
125497,2026-01-01,77.5666
125497,2026-01-02,78.0607
125497,2026-01-03,78.1768
125497,2026-01-04,78.2649
125497,2026-01-05,77.6886
125497,2026-01-06,76.9382
125497,2026-01-07,77.0208
125497,2026-01-08,76.5928
125497,2026-01-09,76.573
125497,2026-01-10,76.3056
125497,2026-01-11,75.4114
125497,2026-01-12,75.59
125497,2026-01-13,75.3828
125497,2026-01-14,75.4229
125497,2026-01-15,74.9763
125497,2026-01-16,74.8089
125497,2026-01-17,75.5891
125497,2026-01-18,75.6534
125497,2026-01-19,75.9282
125497,2026-01-20,75.2927
125497,2026-01-21,76.4872
125497,2026-01-22,77.409
125497,2026-01-23,78.0907
125497,2026-01-24,78.5051
125497,2026-01-25,78.5126
125497,2026-01-26,78.7337
125497,2026-01-27,79.2577
125497,2026-01-28,78.9434
125497,2026-01-29,78.7211
125497,2026-01-30,77.8866
125497,2026-01-31,77.5007
125497,2026-02-01,78.3313
125497,2026-02-02,78.1642
125497,2026-02-03,78.0053
125497,2026-02-04,78.1641
125497,2026-02-05,77.358
125497,2026-02-06,77.8307
125497,2026-02-07,78.4639
125497,2026-02-08,78.6526
125497,2026-02-09,79.4783
125497,2026-02-10,78.8148
125497,2026-02-11,79.7367
125497,2026-02-12,79.3713
125497,2026-02-13,78.7314
125497,2026-02-14,78.6127
125497,2026-02-15,79.5487
125497,2026-02-16,79.539
125497,2026-02-17,79.0727
125497,2026-02-18,78.4252
125497,2026-02-19,78.3726
125497,2026-02-20,77.3751
125497,2026-02-21,76.725
125497,2026-02-22,77.4966
125497,2026-02-23,78.1582
125497,2026-02-24,78.094
125497,2026-02-25,77.8612
125497,2026-02-26,77.8904
125497,2026-02-27,79.0644
125497,2026-02-28,79.2669
125497,2026-03-01,79.7218
125497,2026-03-02,79.6206
125497,2026-03-03,79.651
125497,2026-03-04,79.9746
125497,2026-03-05,80.0376
125497,2026-03-06,79.0889
125497,2026-03-07,79.7292
125497,2026-03-08,79.4216
125497,2026-03-09,80.4773
125497,2026-03-10,80.8207
125497,2026-03-11,80.8562
125497,2026-03-12,81.0759
125497,2026-03-13,81.0216
125497,2026-03-14,80.7784
125497,2026-03-15,80.8822
125497,2026-03-16,81.3247
125497,2026-03-17,81.0924
125497,2026-03-18,80.7813
125497,2026-03-19,80.6036
125497,2026-03-20,81.0796
125497,2026-03-21,81.8059
125497,2026-03-22,81.9869
125497,2026-03-23,82.2775
125497,2026-03-24,81.9627
125497,2026-03-25,82.4011
125497,2026-03-26,82.6769
125497,2026-03-27,82.3219
125497,2026-03-28,81.428
125497,2026-03-29,80.8177
125497,2026-03-30,80.4831
125497,2026-03-31,81.0641
125497,2026-04-01,81.8405
125497,2026-04-02,81.6208
125497,2026-04-03,81.4168
125497,2026-04-04,81.5476
125497,2026-04-05,81.5537
125497,2026-04-06,82.0192
125497,2026-04-07,81.7576
125497,2026-04-08,82.2321
125497,2026-04-09,82.1125
125497,2026-04-10,82.5395
125497,2026-04-11,82.404
125497,2026-04-12,82.0975
125497,2026-04-13,83.0536
125497,2026-04-14,83.5862
125497,2026-04-15,82.6902
125497,2026-04-16,82.4668
125497,2026-04-17,83.0693
125497,2026-04-18,82.4709
125497,2026-04-19,82.8563
125497,2026-04-20,83.1898
125497,2026-04-21,82.8402
125497,2026-04-22,82.8358
125497,2026-04-23,81.7908
125497,2026-04-24,82.676
125497,2026-04-25,82.5215
125497,2026-04-26,82.9234
125497,2026-04-27,83.2303
125497,2026-04-28,83.9093
125497,2026-04-29,83.6926
125497,2026-04-30,83.7945
125497,2026-05-01,84.0741
125497,2026-05-02,84.5103
125497,2026-05-03,85.0875
125497,2026-05-04,84.8488
125497,2026-05-05,84.5167
125497,2026-05-06,85.1968
125497,2026-05-07,84.1782
125497,2026-05-08,84.9633
125497,2026-05-09,84.8121
125497,2026-05-10,84.8098
125497,2026-05-11,84.4686
125497,2026-05-12,84.4445
125497,2026-05-13,85.0801
125497,2026-05-14,85.4655
125497,2026-05-15,85.7119
125497,2026-05-16,85.7563
125497,2026-05-17,85.0335
125497,2026-05-18,84.6114
125497,2026-05-19,84.4398
125497,2026-05-20,84.6687
125497,2026-05-21,84.7035
125497,2026-05-22,85.1953
125497,2026-05-23,85.4321
125497,2026-05-24,85.4593
125497,2026-05-25,86.5971
125497,2026-05-26,86.8002
125497,2026-05-27,86.5843
125497,2026-05-28,87.5143
125497,2026-05-29,88.1145
125497,2026-05-30,89.0225
125497,2026-05-31,88.967
125497,2026-06-01,89.4552
125497,2026-06-02,88.7288
119551,2025-06-03,59.7981
119551,2025-06-04,58.7361
119551,2025-06-05,58.4732
119551,2025-06-06,58.0937
119551,2025-06-07,58.1689
119551,2025-06-08,58.3397
119551,2025-06-09,59.2778
119551,2025-06-10,59.753
119551,2025-06-11,59.4646
119551,2025-06-12,59.0154
119551,2025-06-13,59.2613
119551,2025-06-14,58.6012
119551,2025-06-15,59.517
119551,2025-06-16,60.1067
119551,2025-06-17,59.8721
119551,2025-06-18,59.0155
119551,2025-06-19,59.6925
119551,2025-06-20,59.6352
119551,2025-06-21,60.2541
119551,2025-06-22,59.4569
119551,2025-06-23,59.1572
119551,2025-06-24,59.1598
119551,2025-06-25,59.1833
119551,2025-06-26,58.9583
119551,2025-06-27,59.2697
119551,2025-06-28,58.7359
119551,2025-06-29,58.6647
119551,2025-06-30,58.7248
119551,2025-07-01,58.9821
119551,2025-07-02,59.3379
119551,2025-07-03,58.7756
119551,2025-07-04,58.0085
119551,2025-07-05,58.6473
119551,2025-07-06,58.8135
119551,2025-07-07,58.4392
119551,2025-07-08,59.2148
119551,2025-07-09,59.2727
119551,2025-07-10,59.8623
119551,2025-07-11,59.8961
119551,2025-07-12,60.9264
119551,2025-07-13,61.8041
119551,2025-07-14,61.6796
119551,2025-07-15,62.1654
119551,2025-07-16,62.4881
119551,2025-07-17,63.1724
119551,2025-07-18,62.69
119551,2025-07-19,63.033
119551,2025-07-20,63.5622
119551,2025-07-21,62.6828
119551,2025-07-22,62.0912
119551,2025-07-23,61.0716
119551,2025-07-24,60.9369
119551,2025-07-25,61.2956
119551,2025-07-26,62.0468
119551,2025-07-27,62.0839
119551,2025-07-28,62.8982
119551,2025-07-29,62.2081
119551,2025-07-30,61.3564
119551,2025-07-31,61.3287
119551,2025-08-01,61.5207
119551,2025-08-02,61.5044
119551,2025-08-03,60.4706
119551,2025-08-04,60.4261
119551,2025-08-05,59.7738
119551,2025-08-06,60.1087
119551,2025-08-07,60.292
119551,2025-08-08,59.822
119551,2025-08-09,59.5651
119551,2025-08-10,59.0355
119551,2025-08-11,59.0042
119551,2025-08-12,59.4817
119551,2025-08-13,58.9889
119551,2025-08-14,59.2409
119551,2025-08-15,58.9758
119551,2025-08-16,58.5793
119551,2025-08-17,58.5258
119551,2025-08-18,58.0082
119551,2025-08-19,57.7314
119551,2025-08-20,57.1324
119551,2025-08-21,58.1148
119551,2025-08-22,58.1324
119551,2025-08-23,57.7825
119551,2025-08-24,57.8895
119551,2025-08-25,57.8334
119551,2025-08-26,57.7229
119551,2025-08-27,58.03
119551,2025-08-28,58.4087
119551,2025-08-29,58.1435
119551,2025-08-30,57.8556
119551,2025-08-31,57.718
119551,2025-09-01,56.5671
119551,2025-09-02,55.8095
119551,2025-09-03,56.4929
119551,2025-09-04,57.3154
119551,2025-09-05,57.1909
119551,2025-09-06,57.4792
119551,2025-09-07,57.6348
119551,2025-09-08,59.1742
119551,2025-09-09,59.734
119551,2025-09-10,59.6701
119551,2025-09-11,59.1923
119551,2025-09-12,58.3891
119551,2025-09-13,58.4908
119551,2025-09-14,58.1126
119551,2025-09-15,57.4015
119551,2025-09-16,57.0782
119551,2025-09-17,56.5374
119551,2025-09-18,57.381
119551,2025-09-19,57.8218
119551,2025-09-20,57.8178
119551,2025-09-21,58.5578
119551,2025-09-22,58.5965
119551,2025-09-23,58.1659
119551,2025-09-24,58.9274
119551,2025-09-25,59.1969
119551,2025-09-26,58.6782
119551,2025-09-27,58.5831
119551,2025-09-28,58.1453
119551,2025-09-29,57.4539
119551,2025-09-30,57.917
119551,2025-10-01,58.8717
119551,2025-10-02,58.1724
119551,2025-10-03,58.4539
119551,2025-10-04,58.1285
119551,2025-10-05,57.885
119551,2025-10-06,57.5888
119551,2025-10-07,57.1568
119551,2025-10-08,57.1811
119551,2025-10-09,56.7656
119551,2025-10-10,56.9008
119551,2025-10-11,56.8757
119551,2025-10-12,56.7562
119551,2025-10-13,56.3024
119551,2025-10-14,56.014
119551,2025-10-15,56.3917
119551,2025-10-16,56.6422
119551,2025-10-17,56.1534
119551,2025-10-18,56.2031
119551,2025-10-19,56.5788
119551,2025-10-20,55.7441
119551,2025-10-21,56.0158
119551,2025-10-22,55.6844
119551,2025-10-23,55.9697
119551,2025-10-24,55.5881
119551,2025-10-25,54.6857
119551,2025-10-26,53.8719
119551,2025-10-27,53.8959
119551,2025-10-28,54.0258
119551,2025-10-29,53.5737
119551,2025-10-30,53.8929
119551,2025-10-31,53.0622
119551,2025-11-01,53.0291
119551,2025-11-02,52.4236
119551,2025-11-03,52.0977
119551,2025-11-04,52.1214
119551,2025-11-05,51.6912
119551,2025-11-06,51.4989
119551,2025-11-07,52.0021
119551,2025-11-08,51.7136
119551,2025-11-09,52.1315
119551,2025-11-10,51.5666
119551,2025-11-11,51.8315
119551,2025-11-12,52.5523
119551,2025-11-13,51.3165
119551,2025-11-14,50.918
119551,2025-11-15,51.2066
119551,2025-11-16,51.1051
119551,2025-11-17,51.2906
119551,2025-11-18,50.9886
119551,2025-11-19,51.0319
119551,2025-11-20,50.9541
119551,2025-11-21,51.538
119551,2025-11-22,51.6652
119551,2025-11-23,51.834
119551,2025-11-24,51.6281
119551,2025-11-25,51.3843
119551,2025-11-26,51.168
119551,2025-11-27,51.3652
119551,2025-11-28,51.1547
119551,2025-11-29,51.2996
119551,2025-11-30,52.3373
119551,2025-12-01,52.7729
119551,2025-12-02,52.6098
119551,2025-12-03,53.2105
119551,2025-12-04,53.0064
119551,2025-12-05,51.9874
119551,2025-12-06,51.4833
119551,2025-12-07,50.5479
119551,2025-12-08,50.3722
119551,2025-12-09,50.3814
119551,2025-12-10,51.2196
119551,2025-12-11,51.3831
119551,2025-12-12,51.2735
119551,2025-12-13,51.6882
119551,2025-12-14,50.5826
119551,2025-12-15,50.7004
119551,2025-12-16,51.0859
119551,2025-12-17,50.3466
119551,2025-12-18,50.9185
119551,2025-12-19,51.0877
119551,2025-12-20,50.8801
119551,2025-12-21,51.1965
119551,2025-12-22,52.3318
119551,2025-12-23,52.4227
119551,2025-12-24,52.5468
119551,2025-12-25,52.3172
119551,2025-12-26,51.8922
119551,2025-12-27,52.3074
119551,2025-12-28,51.8794
119551,2025-12-29,51.9152
119551,2025-12-30,51.6763
119551,2025-12-31,51.9158
119551,2026-01-01,52.0826
119551,2026-01-02,52.6014
119551,2026-01-03,52.3464
119551,2026-01-04,52.2115
119551,2026-01-05,51.7221
119551,2026-01-06,51.4999
119551,2026-01-07,51.6886
119551,2026-01-08,52.0671
119551,2026-01-09,51.606
119551,2026-01-10,52.0408
119551,2026-01-11,52.7186
119551,2026-01-12,52.9253
119551,2026-01-13,53.8637
119551,2026-01-14,53.4768
119551,2026-01-15,52.8545
119551,2026-01-16,51.9652
119551,2026-01-17,52.7132
119551,2026-01-18,53.0404
119551,2026-01-19,53.0126
119551,2026-01-20,53.1526
119551,2026-01-21,52.5898
119551,2026-01-22,53.8127
119551,2026-01-23,53.8773
119551,2026-01-24,53.932
119551,2026-01-25,54.2949
119551,2026-01-26,54.5354
119551,2026-01-27,54.6473
119551,2026-01-28,54.2521
119551,2026-01-29,54.4878
119551,2026-01-30,55.4288
119551,2026-01-31,56.1015
119551,2026-02-01,56.8981
119551,2026-02-02,56.6425
119551,2026-02-03,56.1477
119551,2026-02-04,56.0848
119551,2026-02-05,56.1127
119551,2026-02-06,56.6598
119551,2026-02-07,55.8136
119551,2026-02-08,56.5783
119551,2026-02-09,56.4993
119551,2026-02-10,56.2859
119551,2026-02-11,55.7798
119551,2026-02-12,54.9524
119551,2026-02-13,55.364
119551,2026-02-14,55.4007
119551,2026-02-15,54.7557
119551,2026-02-16,54.1081
119551,2026-02-17,53.9402
119551,2026-02-18,54.7748
119551,2026-02-19,54.645
119551,2026-02-20,53.8934
119551,2026-02-21,53.7705
119551,2026-02-22,53.6342
119551,2026-02-23,52.2857
119551,2026-02-24,52.2586
119551,2026-02-25,52.1431
119551,2026-02-26,52.4912
119551,2026-02-27,53.4157
119551,2026-02-28,53.979
119551,2026-03-01,53.8445
119551,2026-03-02,53.2912
119551,2026-03-03,54.5779
119551,2026-03-04,54.6075
119551,2026-03-05,54.6145
119551,2026-03-06,54.6024
119551,2026-03-07,54.7015
119551,2026-03-08,54.6293
119551,2026-03-09,54.3425
119551,2026-03-10,54.069
119551,2026-03-11,54.0527
119551,2026-03-12,53.781
119551,2026-03-13,53.4245
119551,2026-03-14,53.4777
119551,2026-03-15,53.3503
119551,2026-03-16,54.1023
119551,2026-03-17,52.7768
119551,2026-03-18,53.3225
119551,2026-03-19,53.9456
119551,2026-03-20,52.9089
119551,2026-03-21,52.7375
119551,2026-03-22,52.5518
119551,2026-03-23,51.848
119551,2026-03-24,51.4591
119551,2026-03-25,50.9039
119551,2026-03-26,51.78
119551,2026-03-27,52.2478
119551,2026-03-28,52.8836
119551,2026-03-29,53.2444
119551,2026-03-30,52.6799
119551,2026-03-31,52.4177
119551,2026-04-01,52.6623
119551,2026-04-02,52.0513
119551,2026-04-03,52.4078
119551,2026-04-04,52.2876
119551,2026-04-05,52.1002
119551,2026-04-06,52.4557
119551,2026-04-07,52.6778
119551,2026-04-08,52.4973
119551,2026-04-09,53.077
119551,2026-04-10,52.5365
119551,2026-04-11,52.8444
119551,2026-04-12,53.141
119551,2026-04-13,52.9862
119551,2026-04-14,53.1493
119551,2026-04-15,52.5237
119551,2026-04-16,52.9857
119551,2026-04-17,52.8933
119551,2026-04-18,52.6319
119551,2026-04-19,53.1564
119551,2026-04-20,52.8043
119551,2026-04-21,52.1
119551,2026-04-22,51.3217
119551,2026-04-23,51.6247
119551,2026-04-24,50.9845
119551,2026-04-25,51.8619
119551,2026-04-26,50.8209
119551,2026-04-27,51.6692
119551,2026-04-28,51.7747
119551,2026-04-29,51.7263
119551,2026-04-30,51.4539
119551,2026-05-01,51.6534
119551,2026-05-02,51.6346
119551,2026-05-03,52.1863
119551,2026-05-04,52.2434
119551,2026-05-05,52.3185
119551,2026-05-06,52.1367
119551,2026-05-07,52.1082
119551,2026-05-08,52.2621
119551,2026-05-09,51.4071
119551,2026-05-10,50.733
119551,2026-05-11,51.1046
119551,2026-05-12,51.19
119551,2026-05-13,51.098
119551,2026-05-14,51.1073
119551,2026-05-15,51.281
119551,2026-05-16,51.0112
119551,2026-05-17,50.622
119551,2026-05-18,50.7199
119551,2026-05-19,50.2307
119551,2026-05-20,50.4349
119551,2026-05-21,49.5836
119551,2026-05-22,50.0982
119551,2026-05-23,50.3345
119551,2026-05-24,50.4625
119551,2026-05-25,50.9538
119551,2026-05-26,51.7866
119551,2026-05-27,52.2937
119551,2026-05-28,51.3733
119551,2026-05-29,50.7335
119551,2026-05-30,50.4211
119551,2026-05-31,50.4342
119551,2026-06-01,50.693
119551,2026-06-02,50.3301
120503,2025-06-03,53.4228
120503,2025-06-04,53.7133
120503,2025-06-05,52.9513
120503,2025-06-06,52.552
120503,2025-06-07,53.2227
120503,2025-06-08,52.7808
120503,2025-06-09,53.0678
120503,2025-06-10,52.191
120503,2025-06-11,53.2317
120503,2025-06-12,53.0794
120503,2025-06-13,53.127
120503,2025-06-14,53.2166
120503,2025-06-15,53.5203
120503,2025-06-16,52.7608
120503,2025-06-17,52.7581
120503,2025-06-18,52.4287
120503,2025-06-19,51.5839
120503,2025-06-20,52.0775
120503,2025-06-21,51.9014
120503,2025-06-22,52.0227
120503,2025-06-23,52.1126
120503,2025-06-24,51.9452
120503,2025-06-25,52.9327
120503,2025-06-26,52.909
120503,2025-06-27,52.1301
120503,2025-06-28,51.9299
120503,2025-06-29,52.1797
120503,2025-06-30,52.446
120503,2025-07-01,51.9021
120503,2025-07-02,52.3669
120503,2025-07-03,51.4854
120503,2025-07-04,52.0575
120503,2025-07-05,51.3978
120503,2025-07-06,51.2847
120503,2025-07-07,51.817
120503,2025-07-08,51.8768
120503,2025-07-09,52.2852
120503,2025-07-10,52.5945
120503,2025-07-11,53.2376
120503,2025-07-12,53.7687
120503,2025-07-13,53.5419
120503,2025-07-14,53.8583
120503,2025-07-15,53.095
120503,2025-07-16,53.0661
120503,2025-07-17,53.4753
120503,2025-07-18,53.5423
120503,2025-07-19,53.7656
120503,2025-07-20,53.6589
120503,2025-07-21,54.2235
120503,2025-07-22,54.1833
120503,2025-07-23,53.9505
120503,2025-07-24,54.3938
120503,2025-07-25,53.6912
120503,2025-07-26,53.9417
120503,2025-07-27,53.4205
120503,2025-07-28,54.0595
120503,2025-07-29,53.929
120503,2025-07-30,53.9964
120503,2025-07-31,54.2027
120503,2025-08-01,53.2379
120503,2025-08-02,52.9126
120503,2025-08-03,53.4344
120503,2025-08-04,53.8683
120503,2025-08-05,54.0098
120503,2025-08-06,53.335
120503,2025-08-07,53.6278
120503,2025-08-08,53.9845
120503,2025-08-09,54.008
120503,2025-08-10,54.6196
120503,2025-08-11,54.2779
120503,2025-08-12,54.0229
120503,2025-08-13,52.7806
120503,2025-08-14,53.2405
120503,2025-08-15,53.3975
120503,2025-08-16,52.5566
120503,2025-08-17,51.6773
120503,2025-08-18,51.2409
120503,2025-08-19,51.6378
120503,2025-08-20,51.4876
120503,2025-08-21,51.0852
120503,2025-08-22,50.5821
120503,2025-08-23,50.0567
120503,2025-08-24,49.0899
120503,2025-08-25,48.4862
120503,2025-08-26,47.9509
120503,2025-08-27,48.2922
120503,2025-08-28,48.2093
120503,2025-08-29,47.7965
120503,2025-08-30,48.9514
120503,2025-08-31,48.6194
120503,2025-09-01,49.203
120503,2025-09-02,50.0135
120503,2025-09-03,49.2286
120503,2025-09-04,49.2655
120503,2025-09-05,49.0068
120503,2025-09-06,48.7073
120503,2025-09-07,48.985
120503,2025-09-08,48.6736
120503,2025-09-09,48.4256
120503,2025-09-10,48.3415
120503,2025-09-11,48.1548
120503,2025-09-12,47.568
120503,2025-09-13,47.966
120503,2025-09-14,48.4903
120503,2025-09-15,48.6621
120503,2025-09-16,48.4738
120503,2025-09-17,48.1212
120503,2025-09-18,47.7694
120503,2025-09-19,48.9481
120503,2025-09-20,49.417
120503,2025-09-21,48.9969
120503,2025-09-22,49.0793
120503,2025-09-23,48.898
120503,2025-09-24,49.1899
120503,2025-09-25,49.4617
120503,2025-09-26,50.0035
120503,2025-09-27,49.5782
120503,2025-09-28,49.6306
120503,2025-09-29,48.7563
120503,2025-09-30,48.1276
120503,2025-10-01,48.5697
120503,2025-10-02,48.0943
120503,2025-10-03,47.6739
120503,2025-10-04,47.6697
120503,2025-10-05,48.0171
120503,2025-10-06,47.4867
120503,2025-10-07,45.7463
120503,2025-10-08,45.3112
120503,2025-10-09,45.914
120503,2025-10-10,46.0856
120503,2025-10-11,46.7475
120503,2025-10-12,46.1816
120503,2025-10-13,45.3619
120503,2025-10-14,45.5932
120503,2025-10-15,45.7132
120503,2025-10-16,45.866
120503,2025-10-17,46.3325
120503,2025-10-18,46.5433
120503,2025-10-19,46.7461
120503,2025-10-20,47.1036
120503,2025-10-21,47.3548
120503,2025-10-22,47.7835
120503,2025-10-23,48.2878
120503,2025-10-24,49.0536
120503,2025-10-25,48.729
120503,2025-10-26,48.9693
120503,2025-10-27,48.7842
120503,2025-10-28,48.3674
120503,2025-10-29,48.0226
120503,2025-10-30,48.2701
120503,2025-10-31,48.4792
120503,2025-11-01,48.6794
120503,2025-11-02,48.5666
120503,2025-11-03,48.5683
120503,2025-11-04,48.9772
120503,2025-11-05,48.2325
120503,2025-11-06,48.2448
120503,2025-11-07,48.2898
120503,2025-11-08,48.6664
120503,2025-11-09,47.9913
120503,2025-11-10,48.7388
120503,2025-11-11,48.8457
120503,2025-11-12,48.979
120503,2025-11-13,48.7783
120503,2025-11-14,49.0473
120503,2025-11-15,49.0713
120503,2025-11-16,49.6757
120503,2025-11-17,48.955
120503,2025-11-18,49.0428
120503,2025-11-19,49.247
120503,2025-11-20,49.1538
120503,2025-11-21,48.9515
120503,2025-11-22,48.77
120503,2025-11-23,48.8573
120503,2025-11-24,47.9524
120503,2025-11-25,48.4349
120503,2025-11-26,48.1948
120503,2025-11-27,48.2587
120503,2025-11-28,48.4423
120503,2025-11-29,48.1794
120503,2025-11-30,48.1138
120503,2025-12-01,47.0962
120503,2025-12-02,47.4623
120503,2025-12-03,48.0023
120503,2025-12-04,47.1518
120503,2025-12-05,46.9486
120503,2025-12-06,46.3336
120503,2025-12-07,46.2448
120503,2025-12-08,46.5691
120503,2025-12-09,47.0627
120503,2025-12-10,47.6237
120503,2025-12-11,48.2789
120503,2025-12-12,48.1677
120503,2025-12-13,47.5943
120503,2025-12-14,47.537
120503,2025-12-15,47.8536
120503,2025-12-16,47.24
120503,2025-12-17,48.07
120503,2025-12-18,48.519
120503,2025-12-19,48.4157
120503,2025-12-20,48.0603
120503,2025-12-21,47.7257
120503,2025-12-22,47.7628
120503,2025-12-23,47.6481
120503,2025-12-24,48.1233
120503,2025-12-25,47.9519
120503,2025-12-26,48.2046
120503,2025-12-27,48.1901
120503,2025-12-28,48.325
120503,2025-12-29,48.21
120503,2025-12-30,48.5638
120503,2025-12-31,48.9251
120503,2026-01-01,49.155
120503,2026-01-02,49.4588
120503,2026-01-03,48.9866
120503,2026-01-04,49.1482
120503,2026-01-05,49.7728
120503,2026-01-06,50.0185
120503,2026-01-07,49.5032
120503,2026-01-08,49.4783
120503,2026-01-09,49.6658
120503,2026-01-10,49.2871
120503,2026-01-11,48.608
120503,2026-01-12,48.4499
120503,2026-01-13,48.0795
120503,2026-01-14,48.0723
120503,2026-01-15,47.2766
120503,2026-01-16,47.559
120503,2026-01-17,47.2417
120503,2026-01-18,47.7396
120503,2026-01-19,47.6011
120503,2026-01-20,47.5884
120503,2026-01-21,47.5019
120503,2026-01-22,47.1578
120503,2026-01-23,48.394
120503,2026-01-24,48.146
120503,2026-01-25,48.6578
120503,2026-01-26,48.111
120503,2026-01-27,48.297
120503,2026-01-28,48.5365
120503,2026-01-29,48.5244
120503,2026-01-30,48.2389
120503,2026-01-31,48.1072
120503,2026-02-01,47.9056
120503,2026-02-02,49.1066
120503,2026-02-03,49.0953
120503,2026-02-04,49.3577
120503,2026-02-05,50.2486
120503,2026-02-06,49.8104
120503,2026-02-07,49.8292
120503,2026-02-08,49.6946
120503,2026-02-09,49.6516
120503,2026-02-10,49.5621
120503,2026-02-11,49.1961
120503,2026-02-12,49.2938
120503,2026-02-13,48.7625
120503,2026-02-14,49.257
120503,2026-02-15,49.5686
120503,2026-02-16,49.3219
120503,2026-02-17,49.0994
120503,2026-02-18,49.2371
120503,2026-02-19,48.8379
120503,2026-02-20,49.7439
120503,2026-02-21,49.9228
120503,2026-02-22,50.1194
120503,2026-02-23,50.4602
120503,2026-02-24,50.1704
120503,2026-02-25,50.7149
120503,2026-02-26,50.7722
120503,2026-02-27,51.2473
120503,2026-02-28,51.1483
120503,2026-03-01,51.8069
120503,2026-03-02,52.0076
120503,2026-03-03,53.0989
120503,2026-03-04,52.9141
120503,2026-03-05,53.0164
120503,2026-03-06,52.5006
120503,2026-03-07,52.2359
120503,2026-03-08,52.5453
120503,2026-03-09,53.11
120503,2026-03-10,54.5925
120503,2026-03-11,54.5441
120503,2026-03-12,54.0775
120503,2026-03-13,54.4542
120503,2026-03-14,53.8903
120503,2026-03-15,54.1724
120503,2026-03-16,53.9213
120503,2026-03-17,54.0271
120503,2026-03-18,54.5726
120503,2026-03-19,54.5173
120503,2026-03-20,54.9837
120503,2026-03-21,55.4203
120503,2026-03-22,54.4881
120503,2026-03-23,54.0373
120503,2026-03-24,53.2564
120503,2026-03-25,54.2573
120503,2026-03-26,54.2046
120503,2026-03-27,55.095
120503,2026-03-28,54.2785
120503,2026-03-29,53.9921
120503,2026-03-30,54.3924
120503,2026-03-31,54.482
120503,2026-04-01,54.7484
120503,2026-04-02,54.1215
120503,2026-04-03,54.8099
120503,2026-04-04,55.1985
120503,2026-04-05,55.3993
120503,2026-04-06,55.0565
120503,2026-04-07,55.2184
120503,2026-04-08,55.0726
120503,2026-04-09,54.2474
120503,2026-04-10,54.2222
120503,2026-04-11,54.1438
120503,2026-04-12,54.675
120503,2026-04-13,53.5578
120503,2026-04-14,53.6754
120503,2026-04-15,53.0976
120503,2026-04-16,53.2572
120503,2026-04-17,53.4443
120503,2026-04-18,53.4009
120503,2026-04-19,53.8046
120503,2026-04-20,53.1817
120503,2026-04-21,53.7355
120503,2026-04-22,53.3815
120503,2026-04-23,52.6036
120503,2026-04-24,52.4674
120503,2026-04-25,51.4198
120503,2026-04-26,51.5469
120503,2026-04-27,51.4172
120503,2026-04-28,52.0341
120503,2026-04-29,52.3585
120503,2026-04-30,51.6626
120503,2026-05-01,51.2434
120503,2026-05-02,51.5037
120503,2026-05-03,51.9272
120503,2026-05-04,52.5385
120503,2026-05-05,53.1457
120503,2026-05-06,53.101
120503,2026-05-07,53.2823
120503,2026-05-08,53.9317
120503,2026-05-09,53.78
120503,2026-05-10,53.9699
120503,2026-05-11,53.8064
120503,2026-05-12,53.531
120503,2026-05-13,53.5552
120503,2026-05-14,53.2114
120503,2026-05-15,53.1459
120503,2026-05-16,52.6284
120503,2026-05-17,52.5335
120503,2026-05-18,52.7576
120503,2026-05-19,52.4633
120503,2026-05-20,52.4679
120503,2026-05-21,52.5376
120503,2026-05-22,52.7639
120503,2026-05-23,52.6971
120503,2026-05-24,53.24
120503,2026-05-25,52.1895
120503,2026-05-26,53.6584
120503,2026-05-27,53.2228
120503,2026-05-28,53.4245
120503,2026-05-29,52.9553
120503,2026-05-30,53.2774
120503,2026-05-31,53.4157
120503,2026-06-01,53.0904
120503,2026-06-02,53.6269
118632,2025-06-03,58.7755
118632,2025-06-04,59.2105
118632,2025-06-05,59.4584
118632,2025-06-06,59.5336
118632,2025-06-07,59.7161
118632,2025-06-08,60.9178
118632,2025-06-09,60.889
118632,2025-06-10,60.9895
118632,2025-06-11,61.5148
118632,2025-06-12,62.0676
118632,2025-06-13,62.6611
118632,2025-06-14,62.9805
118632,2025-06-15,62.409
118632,2025-06-16,63.2257
118632,2025-06-17,62.6525
118632,2025-06-18,62.8039
118632,2025-06-19,62.4267
118632,2025-06-20,62.3946
118632,2025-06-21,62.559
118632,2025-06-22,62.7197
118632,2025-06-23,62.9307
118632,2025-06-24,63.7375
118632,2025-06-25,63.9643
118632,2025-06-26,63.8422
118632,2025-06-27,64.3243
118632,2025-06-28,64.919
118632,2025-06-29,64.3052
118632,2025-06-30,64.6039
118632,2025-07-01,64.9545
118632,2025-07-02,64.8057
118632,2025-07-03,65.4935
118632,2025-07-04,65.4185
118632,2025-07-05,65.4813
118632,2025-07-06,65.3948
118632,2025-07-07,65.4026
118632,2025-07-08,64.8544
118632,2025-07-09,64.1344
118632,2025-07-10,64.9316
118632,2025-07-11,64.5082
118632,2025-07-12,64.0125
118632,2025-07-13,62.9358
118632,2025-07-14,62.6163
118632,2025-07-15,61.9547
118632,2025-07-16,62.7758
118632,2025-07-17,63.2807
118632,2025-07-18,62.9366
118632,2025-07-19,64.0628
118632,2025-07-20,64.5537
118632,2025-07-21,64.3913
118632,2025-07-22,63.1416
118632,2025-07-23,64.287
118632,2025-07-24,63.5923
118632,2025-07-25,62.7696
118632,2025-07-26,63.2808
118632,2025-07-27,64.5007
118632,2025-07-28,65.1929
118632,2025-07-29,65.4748
118632,2025-07-30,65.7722
118632,2025-07-31,66.1989
118632,2025-08-01,66.5784
118632,2025-08-02,66.719
118632,2025-08-03,66.7711
118632,2025-08-04,66.7398
118632,2025-08-05,66.3628
118632,2025-08-06,66.2224
118632,2025-08-07,65.376
118632,2025-08-08,65.3268
118632,2025-08-09,64.8325
118632,2025-08-10,64.2807
118632,2025-08-11,64.3706
118632,2025-08-12,65.0666
118632,2025-08-13,65.5258
118632,2025-08-14,64.7406
118632,2025-08-15,64.2457
118632,2025-08-16,64.7161
118632,2025-08-17,64.2249
118632,2025-08-18,64.1126
118632,2025-08-19,64.3876
118632,2025-08-20,63.9034
118632,2025-08-21,63.9561
118632,2025-08-22,63.2891
118632,2025-08-23,62.9884
118632,2025-08-24,63.1483
118632,2025-08-25,62.3518
118632,2025-08-26,62.572
118632,2025-08-27,62.5622
118632,2025-08-28,62.8385
118632,2025-08-29,62.9504
118632,2025-08-30,63.6325
118632,2025-08-31,63.6951
118632,2025-09-01,63.4804
118632,2025-09-02,63.5416
118632,2025-09-03,63.8132
118632,2025-09-04,63.8376
118632,2025-09-05,63.8579
118632,2025-09-06,63.5069
118632,2025-09-07,63.1755
118632,2025-09-08,62.4742
118632,2025-09-09,63.349
118632,2025-09-10,62.727
118632,2025-09-11,62.3806
118632,2025-09-12,62.0214
118632,2025-09-13,62.4688
118632,2025-09-14,62.3214
118632,2025-09-15,62.9452
118632,2025-09-16,62.6085
118632,2025-09-17,62.748
118632,2025-09-18,62.3303
118632,2025-09-19,63.4029
118632,2025-09-20,62.8091
118632,2025-09-21,62.964
118632,2025-09-22,63.2809
118632,2025-09-23,63.4878
118632,2025-09-24,63.3951
118632,2025-09-25,63.3302
118632,2025-09-26,63.3521
118632,2025-09-27,63.2786
118632,2025-09-28,63.7606
118632,2025-09-29,64.8658
118632,2025-09-30,64.5871
118632,2025-10-01,63.9022
118632,2025-10-02,63.8581
118632,2025-10-03,65.1479
118632,2025-10-04,64.7461
118632,2025-10-05,65.5656
118632,2025-10-06,66.4045
118632,2025-10-07,66.1277
118632,2025-10-08,66.4122
118632,2025-10-09,67.2264
118632,2025-10-10,67.0368
118632,2025-10-11,66.935
118632,2025-10-12,66.6442
118632,2025-10-13,66.1368
118632,2025-10-14,65.8122
118632,2025-10-15,65.2002
118632,2025-10-16,65.2172
118632,2025-10-17,64.8322
118632,2025-10-18,64.9491
118632,2025-10-19,64.1712
118632,2025-10-20,64.3366
118632,2025-10-21,64.7534
118632,2025-10-22,63.7565
118632,2025-10-23,63.9436
118632,2025-10-24,64.5574
118632,2025-10-25,63.9526
118632,2025-10-26,64.7889
118632,2025-10-27,64.9984
118632,2025-10-28,64.6459
118632,2025-10-29,64.618
118632,2025-10-30,64.8971
118632,2025-10-31,64.9351
118632,2025-11-01,65.2045
118632,2025-11-02,64.7442
118632,2025-11-03,64.8289
118632,2025-11-04,64.122
118632,2025-11-05,64.0664
118632,2025-11-06,63.6144
118632,2025-11-07,63.2467
118632,2025-11-08,63.8647
118632,2025-11-09,64.4104
118632,2025-11-10,64.7149
118632,2025-11-11,64.1688
118632,2025-11-12,64.0106
118632,2025-11-13,64.6171
118632,2025-11-14,64.688
118632,2025-11-15,65.8477
118632,2025-11-16,66.0443
118632,2025-11-17,66.1403
118632,2025-11-18,65.9858
118632,2025-11-19,66.0526
118632,2025-11-20,65.9763
118632,2025-11-21,66.3304
118632,2025-11-22,66.8087
118632,2025-11-23,66.4157
118632,2025-11-24,65.7501
118632,2025-11-25,64.832
118632,2025-11-26,65.086
118632,2025-11-27,64.5343
118632,2025-11-28,63.4579
118632,2025-11-29,63.6522
118632,2025-11-30,64.8987
118632,2025-12-01,64.8956
118632,2025-12-02,65.3149
118632,2025-12-03,65.3558
118632,2025-12-04,65.3063
118632,2025-12-05,65.7659
118632,2025-12-06,65.6207
118632,2025-12-07,65.7544
118632,2025-12-08,65.9153
118632,2025-12-09,65.5812
118632,2025-12-10,66.0773
118632,2025-12-11,65.9898
118632,2025-12-12,65.6119
118632,2025-12-13,65.8802
118632,2025-12-14,65.4309
118632,2025-12-15,65.445
118632,2025-12-16,65.4405
118632,2025-12-17,65.9834
118632,2025-12-18,66.2208
118632,2025-12-19,66.2083
118632,2025-12-20,66.6171
118632,2025-12-21,67.3122
118632,2025-12-22,67.5911
118632,2025-12-23,67.5963
118632,2025-12-24,66.9404
118632,2025-12-25,66.4078
118632,2025-12-26,66.2552
118632,2025-12-27,65.9505
118632,2025-12-28,65.857
118632,2025-12-29,65.8853
118632,2025-12-30,66.1502
118632,2025-12-31,66.1149
118632,2026-01-01,66.3582
118632,2026-01-02,66.3904
118632,2026-01-03,65.4027
118632,2026-01-04,64.933
118632,2026-01-05,64.861
118632,2026-01-06,64.2561
118632,2026-01-07,64.5561
118632,2026-01-08,65.3215
118632,2026-01-09,65.9308
118632,2026-01-10,65.8241
118632,2026-01-11,66.5695
118632,2026-01-12,66.6438
118632,2026-01-13,66.4753
118632,2026-01-14,66.1686
118632,2026-01-15,66.0173
118632,2026-01-16,65.8232
118632,2026-01-17,65.9084
118632,2026-01-18,65.9887
118632,2026-01-19,65.9903
118632,2026-01-20,66.2087
118632,2026-01-21,66.804
118632,2026-01-22,67.2788
118632,2026-01-23,66.5364
118632,2026-01-24,65.2594
118632,2026-01-25,65.7266
118632,2026-01-26,65.0431
118632,2026-01-27,64.9308
118632,2026-01-28,64.3457
118632,2026-01-29,63.4447
118632,2026-01-30,63.7154
118632,2026-01-31,64.095
118632,2026-02-01,63.8068
118632,2026-02-02,62.5112
118632,2026-02-03,62.2381
118632,2026-02-04,62.434
118632,2026-02-05,61.6946
118632,2026-02-06,61.7862
118632,2026-02-07,61.7786
118632,2026-02-08,62.0682
118632,2026-02-09,62.128
118632,2026-02-10,61.6415
118632,2026-02-11,62.2398
118632,2026-02-12,62.1605
118632,2026-02-13,62.1469
118632,2026-02-14,61.6802
118632,2026-02-15,61.4586
118632,2026-02-16,61.0162
118632,2026-02-17,60.9297
118632,2026-02-18,61.7856
118632,2026-02-19,61.0996
118632,2026-02-20,60.2928
118632,2026-02-21,61.0284
118632,2026-02-22,60.9238
118632,2026-02-23,60.5892
118632,2026-02-24,61.1092
118632,2026-02-25,60.8064
118632,2026-02-26,61.7194
118632,2026-02-27,62.0583
118632,2026-02-28,61.8144
118632,2026-03-01,62.893
118632,2026-03-02,62.5902
118632,2026-03-03,62.9612
118632,2026-03-04,63.1109
118632,2026-03-05,63.7617
118632,2026-03-06,64.5425
118632,2026-03-07,64.5585
118632,2026-03-08,64.1818
118632,2026-03-09,64.4118
118632,2026-03-10,64.0729
118632,2026-03-11,65.0796
118632,2026-03-12,65.1479
118632,2026-03-13,64.9652
118632,2026-03-14,65.0576
118632,2026-03-15,64.384
118632,2026-03-16,63.8982
118632,2026-03-17,64.4984
118632,2026-03-18,64.1699
118632,2026-03-19,63.6465
118632,2026-03-20,63.9148
118632,2026-03-21,64.5077
118632,2026-03-22,64.8671
118632,2026-03-23,65.3652
118632,2026-03-24,64.9868
118632,2026-03-25,64.2759
118632,2026-03-26,65.0265
118632,2026-03-27,64.8652
118632,2026-03-28,64.7398
118632,2026-03-29,65.4039
118632,2026-03-30,65.682
118632,2026-03-31,65.9099
118632,2026-04-01,66.9924
118632,2026-04-02,66.6707
118632,2026-04-03,67.1346
118632,2026-04-04,67.1631
118632,2026-04-05,67.2974
118632,2026-04-06,68.0616
118632,2026-04-07,68.3155
118632,2026-04-08,68.5847
118632,2026-04-09,69.121
118632,2026-04-10,68.9385
118632,2026-04-11,68.5189
118632,2026-04-12,67.9965
118632,2026-04-13,67.0133
118632,2026-04-14,68.0414
118632,2026-04-15,67.4898
118632,2026-04-16,67.3792
118632,2026-04-17,67.2408
118632,2026-04-18,67.3945
118632,2026-04-19,67.8023
118632,2026-04-20,68.2326
118632,2026-04-21,67.941
118632,2026-04-22,67.8575
118632,2026-04-23,67.9988
118632,2026-04-24,67.8744
118632,2026-04-25,68.6781
118632,2026-04-26,68.9236
118632,2026-04-27,69.291
118632,2026-04-28,69.6224
118632,2026-04-29,70.2092
118632,2026-04-30,70.2997
118632,2026-05-01,69.6513
118632,2026-05-02,69.8511
118632,2026-05-03,69.5254
118632,2026-05-04,69.2611
118632,2026-05-05,69.5543
118632,2026-05-06,70.1735
118632,2026-05-07,70.1841
118632,2026-05-08,70.3385
118632,2026-05-09,71.1896
118632,2026-05-10,71.31
118632,2026-05-11,72.6108
118632,2026-05-12,72.8936
118632,2026-05-13,72.0132
118632,2026-05-14,72.3899
118632,2026-05-15,72.5805
118632,2026-05-16,73.2253
118632,2026-05-17,73.5619
118632,2026-05-18,73.4927
118632,2026-05-19,72.8805
118632,2026-05-20,72.776
118632,2026-05-21,72.3508
118632,2026-05-22,72.0605
118632,2026-05-23,72.3548
118632,2026-05-24,73.1898
118632,2026-05-25,73.3871
118632,2026-05-26,72.7892
118632,2026-05-27,73.0115
118632,2026-05-28,73.6098
118632,2026-05-29,73.3049
118632,2026-05-30,73.2379
118632,2026-05-31,73.2452
118632,2026-06-01,72.8528
118632,2026-06-02,73.1769
119092,2025-06-03,97.1787
119092,2025-06-04,96.6256
119092,2025-06-05,96.3985
119092,2025-06-06,95.9883
119092,2025-06-07,95.5797
119092,2025-06-08,94.5327
119092,2025-06-09,94.8272
119092,2025-06-10,94.9966
119092,2025-06-11,94.1471
119092,2025-06-12,94.8757
119092,2025-06-13,95.7163
119092,2025-06-14,95.3408
119092,2025-06-15,95.9241
119092,2025-06-16,95.6376
119092,2025-06-17,95.7282
119092,2025-06-18,95.3103
119092,2025-06-19,96.4174
119092,2025-06-20,96.2694
119092,2025-06-21,96.3326
119092,2025-06-22,95.9887
119092,2025-06-23,96.9193
119092,2025-06-24,97.8626
119092,2025-06-25,98.6781
119092,2025-06-26,99.1563
119092,2025-06-27,98.8439
119092,2025-06-28,99.2578
119092,2025-06-29,99.2543
119092,2025-06-30,99.9105
119092,2025-07-01,100.4685
119092,2025-07-02,100.1438
119092,2025-07-03,100.6177
119092,2025-07-04,100.9588
119092,2025-07-05,99.572
119092,2025-07-06,99.9725
119092,2025-07-07,99.7566
119092,2025-07-08,99.3135
119092,2025-07-09,98.8919
119092,2025-07-10,98.8243
119092,2025-07-11,99.0643
119092,2025-07-12,98.3816
119092,2025-07-13,98.4765
119092,2025-07-14,98.7649
119092,2025-07-15,99.6958
119092,2025-07-16,99.1574
119092,2025-07-17,98.9826
119092,2025-07-18,99.1135
119092,2025-07-19,99.6872
119092,2025-07-20,99.5351
119092,2025-07-21,100.1344
119092,2025-07-22,99.1657
119092,2025-07-23,98.539
119092,2025-07-24,98.7133
119092,2025-07-25,98.0079
119092,2025-07-26,97.4207
119092,2025-07-27,97.1568
119092,2025-07-28,97.5425
119092,2025-07-29,96.5945
119092,2025-07-30,96.6797
119092,2025-07-31,97.1962
119092,2025-08-01,97.0987
119092,2025-08-02,96.9143
119092,2025-08-03,97.1152
119092,2025-08-04,97.0191
119092,2025-08-05,97.7144
119092,2025-08-06,97.1587
119092,2025-08-07,97.1328
119092,2025-08-08,97.2357
119092,2025-08-09,97.0465
119092,2025-08-10,95.6108
119092,2025-08-11,95.5304
119092,2025-08-12,95.9805
119092,2025-08-13,96.3695
119092,2025-08-14,96.5469
119092,2025-08-15,95.998
119092,2025-08-16,96.1956
119092,2025-08-17,95.9089
119092,2025-08-18,96.0856
119092,2025-08-19,96.1464
119092,2025-08-20,95.6582
119092,2025-08-21,95.212
119092,2025-08-22,95.3895
119092,2025-08-23,95.2789
119092,2025-08-24,94.8588
119092,2025-08-25,94.3974
119092,2025-08-26,94.2455
119092,2025-08-27,95.0295
119092,2025-08-28,94.7665
119092,2025-08-29,94.7595
119092,2025-08-30,94.8103
119092,2025-08-31,94.2448
119092,2025-09-01,93.3634
119092,2025-09-02,92.85
119092,2025-09-03,92.9736
119092,2025-09-04,93.0172
119092,2025-09-05,93.3684
119092,2025-09-06,93.4168
119092,2025-09-07,93.362
119092,2025-09-08,93.06
119092,2025-09-09,93.5023
119092,2025-09-10,93.0428
119092,2025-09-11,92.4876
119092,2025-09-12,92.7711
119092,2025-09-13,92.1045
119092,2025-09-14,93.3119
119092,2025-09-15,93.3519
119092,2025-09-16,93.5258
119092,2025-09-17,93.1216
119092,2025-09-18,92.964
119092,2025-09-19,92.7506
119092,2025-09-20,92.4797
119092,2025-09-21,92.7962
119092,2025-09-22,92.5714
119092,2025-09-23,93.0802
119092,2025-09-24,94.4117
119092,2025-09-25,94.264
119092,2025-09-26,94.3401
119092,2025-09-27,94.5299
119092,2025-09-28,95.4356
119092,2025-09-29,95.3943
119092,2025-09-30,94.9798
119092,2025-10-01,94.3466
119092,2025-10-02,94.3176
119092,2025-10-03,94.0934
119092,2025-10-04,95.0984
119092,2025-10-05,95.9834
119092,2025-10-06,95.4662
119092,2025-10-07,95.1108
119092,2025-10-08,95.1477
119092,2025-10-09,95.8463
119092,2025-10-10,95.8748
119092,2025-10-11,95.5512
119092,2025-10-12,95.5218
119092,2025-10-13,95.2075
119092,2025-10-14,95.5087
119092,2025-10-15,95.1542
119092,2025-10-16,94.899
119092,2025-10-17,95.48
119092,2025-10-18,95.0958
119092,2025-10-19,94.3727
119092,2025-10-20,94.4202
119092,2025-10-21,94.24
119092,2025-10-22,94.4957
119092,2025-10-23,94.6544
119092,2025-10-24,94.6385
119092,2025-10-25,94.608
119092,2025-10-26,94.24
119092,2025-10-27,94.2817
119092,2025-10-28,94.7223
119092,2025-10-29,94.2356
119092,2025-10-30,94.2329
119092,2025-10-31,94.7521
119092,2025-11-01,95.0048
119092,2025-11-02,95.6596
119092,2025-11-03,95.3755
119092,2025-11-04,94.4601
119092,2025-11-05,94.5604
119092,2025-11-06,94.7417
119092,2025-11-07,95.4259
119092,2025-11-08,96.02
119092,2025-11-09,96.2884
119092,2025-11-10,96.6711
119092,2025-11-11,96.5752
119092,2025-11-12,95.9656
119092,2025-11-13,96.0245
119092,2025-11-14,96.5158
119092,2025-11-15,96.8439
119092,2025-11-16,97.2608
119092,2025-11-17,97.047
119092,2025-11-18,96.9142
119092,2025-11-19,97.1559
119092,2025-11-20,96.8826
119092,2025-11-21,96.6248
119092,2025-11-22,96.7738
119092,2025-11-23,97.1542
119092,2025-11-24,97.0545
119092,2025-11-25,96.4729
119092,2025-11-26,96.105
119092,2025-11-27,96.2068
119092,2025-11-28,96.3026
119092,2025-11-29,96.4232
119092,2025-11-30,96.6838
119092,2025-12-01,96.6867
119092,2025-12-02,96.8193
119092,2025-12-03,96.7968
119092,2025-12-04,97.3711
119092,2025-12-05,98.0873
119092,2025-12-06,97.4928
119092,2025-12-07,97.3652
119092,2025-12-08,97.3815
119092,2025-12-09,97.2481
119092,2025-12-10,98.1445
119092,2025-12-11,98.2565
119092,2025-12-12,97.8538
119092,2025-12-13,98.152
119092,2025-12-14,98.2875
119092,2025-12-15,98.4396
119092,2025-12-16,99.3436
119092,2025-12-17,99.519
119092,2025-12-18,99.3671
119092,2025-12-19,98.3895
119092,2025-12-20,98.3068
119092,2025-12-21,98.9598
119092,2025-12-22,98.9142
119092,2025-12-23,97.7942
119092,2025-12-24,97.545
119092,2025-12-25,98.0413
119092,2025-12-26,98.3142
119092,2025-12-27,97.8943
119092,2025-12-28,97.6116
119092,2025-12-29,97.4063
119092,2025-12-30,97.0749
119092,2025-12-31,96.0601
119092,2026-01-01,96.4419
119092,2026-01-02,97.0704
119092,2026-01-03,96.3112
119092,2026-01-04,96.9331
119092,2026-01-05,96.8816
119092,2026-01-06,97.4942
119092,2026-01-07,97.5132
119092,2026-01-08,97.5809
119092,2026-01-09,97.7671
119092,2026-01-10,97.3721
119092,2026-01-11,97.9694
119092,2026-01-12,97.4088
119092,2026-01-13,97.2077
119092,2026-01-14,97.4699
119092,2026-01-15,97.2153
119092,2026-01-16,97.604
119092,2026-01-17,98.292
119092,2026-01-18,98.7982
119092,2026-01-19,97.8302
119092,2026-01-20,97.8931
119092,2026-01-21,98.4074
119092,2026-01-22,97.7491
119092,2026-01-23,98.1109
119092,2026-01-24,98.4446
119092,2026-01-25,97.8386
119092,2026-01-26,98.2557
119092,2026-01-27,98.392
119092,2026-01-28,98.7172
119092,2026-01-29,98.2341
119092,2026-01-30,98.3091
119092,2026-01-31,97.4567
119092,2026-02-01,96.3182
119092,2026-02-02,96.3886
119092,2026-02-03,96.9389
119092,2026-02-04,97.0654
119092,2026-02-05,97.0336
119092,2026-02-06,96.9399
119092,2026-02-07,96.4686
119092,2026-02-08,96.3577
119092,2026-02-09,96.5685
119092,2026-02-10,96.3509
119092,2026-02-11,96.7262
119092,2026-02-12,96.8242
119092,2026-02-13,96.9827
119092,2026-02-14,97.427
119092,2026-02-15,97.1636
119092,2026-02-16,97.4933
119092,2026-02-17,97.3001
119092,2026-02-18,97.4698
119092,2026-02-19,97.1469
119092,2026-02-20,96.6916
119092,2026-02-21,96.7375
119092,2026-02-22,95.7949
119092,2026-02-23,95.6468
119092,2026-02-24,94.8436
119092,2026-02-25,95.2332
119092,2026-02-26,95.7583
119092,2026-02-27,95.3263
119092,2026-02-28,95.5405
119092,2026-03-01,95.99
119092,2026-03-02,96.4413
119092,2026-03-03,96.5485
119092,2026-03-04,96.9156
119092,2026-03-05,96.591
119092,2026-03-06,96.6325
119092,2026-03-07,96.399
119092,2026-03-08,96.0321
119092,2026-03-09,96.0501
119092,2026-03-10,96.2239
119092,2026-03-11,96.8056
119092,2026-03-12,96.9382
119092,2026-03-13,97.2592
119092,2026-03-14,97.5858
119092,2026-03-15,98.9296
119092,2026-03-16,98.0246
119092,2026-03-17,97.6806
119092,2026-03-18,98.4176
119092,2026-03-19,98.2416
119092,2026-03-20,98.6845
119092,2026-03-21,98.7995
119092,2026-03-22,99.8521
119092,2026-03-23,99.2956
119092,2026-03-24,99.9065
119092,2026-03-25,100.7813
119092,2026-03-26,100.2741
119092,2026-03-27,100.6655
119092,2026-03-28,100.1828
119092,2026-03-29,100.1979
119092,2026-03-30,100.0696
119092,2026-03-31,98.8682
119092,2026-04-01,99.0803
119092,2026-04-02,99.152
119092,2026-04-03,99.8915
119092,2026-04-04,100.1971
119092,2026-04-05,101.3425
119092,2026-04-06,101.396
119092,2026-04-07,101.3433
119092,2026-04-08,101.2511
119092,2026-04-09,101.0313
119092,2026-04-10,99.9274
119092,2026-04-11,99.8173
119092,2026-04-12,98.7834
119092,2026-04-13,99.0094
119092,2026-04-14,98.3894
119092,2026-04-15,97.9422
119092,2026-04-16,97.6075
119092,2026-04-17,97.5051
119092,2026-04-18,97.5085
119092,2026-04-19,98.0507
119092,2026-04-20,97.762
119092,2026-04-21,98.002
119092,2026-04-22,99.3675
119092,2026-04-23,99.5561
119092,2026-04-24,99.4659
119092,2026-04-25,99.0763
119092,2026-04-26,98.9792
119092,2026-04-27,98.5361
119092,2026-04-28,98.6704
119092,2026-04-29,98.7222
119092,2026-04-30,97.641
119092,2026-05-01,97.6318
119092,2026-05-02,98.1698
119092,2026-05-03,97.9703
119092,2026-05-04,97.6438
119092,2026-05-05,96.955
119092,2026-05-06,96.026
119092,2026-05-07,96.4417
119092,2026-05-08,96.3509
119092,2026-05-09,96.7369
119092,2026-05-10,97.5026
119092,2026-05-11,97.9632
119092,2026-05-12,97.692
119092,2026-05-13,97.7645
119092,2026-05-14,97.4571
119092,2026-05-15,97.1029
119092,2026-05-16,97.2743
119092,2026-05-17,96.8582
119092,2026-05-18,95.7536
119092,2026-05-19,95.3095
119092,2026-05-20,95.1561
119092,2026-05-21,95.9168
119092,2026-05-22,95.6713
119092,2026-05-23,95.9273
119092,2026-05-24,95.8431
119092,2026-05-25,96.4563
119092,2026-05-26,97.0349
119092,2026-05-27,97.623
119092,2026-05-28,96.756
119092,2026-05-29,96.8594
119092,2026-05-30,97.2388
119092,2026-05-31,97.4296
119092,2026-06-01,97.7479
119092,2026-06-02,97.7771
120841,2025-06-03,56.7345
120841,2025-06-04,56.7178
120841,2025-06-05,56.6138
120841,2025-06-06,56.5495
120841,2025-06-07,55.6086
120841,2025-06-08,55.3342
120841,2025-06-09,55.3807
120841,2025-06-10,55.4606
120841,2025-06-11,54.9467
120841,2025-06-12,55.5796
120841,2025-06-13,55.1465
120841,2025-06-14,55.6312
120841,2025-06-15,55.8448
120841,2025-06-16,55.5217
120841,2025-06-17,56.4094
120841,2025-06-18,55.8126
120841,2025-06-19,56.2721
120841,2025-06-20,56.7724
120841,2025-06-21,56.4371
120841,2025-06-22,57.1334
120841,2025-06-23,57.0083
120841,2025-06-24,57.1527
120841,2025-06-25,57.2828
120841,2025-06-26,57.2157
120841,2025-06-27,57.6211
120841,2025-06-28,58.0178
120841,2025-06-29,57.1436
120841,2025-06-30,57.7957
120841,2025-07-01,56.9645
120841,2025-07-02,57.4808
120841,2025-07-03,58.0441
120841,2025-07-04,57.4986
120841,2025-07-05,57.2932
120841,2025-07-06,56.7404
120841,2025-07-07,56.6329
120841,2025-07-08,56.4789
120841,2025-07-09,56.8687
120841,2025-07-10,57.5239
120841,2025-07-11,58.2217
120841,2025-07-12,57.9406
120841,2025-07-13,57.836
120841,2025-07-14,56.9943
120841,2025-07-15,56.5914
120841,2025-07-16,57.0738
120841,2025-07-17,57.8816
120841,2025-07-18,57.2644
120841,2025-07-19,56.9682
120841,2025-07-20,56.955
120841,2025-07-21,57.0951
120841,2025-07-22,56.6903
120841,2025-07-23,56.9023
120841,2025-07-24,56.6654
120841,2025-07-25,56.6581
120841,2025-07-26,56.9313
120841,2025-07-27,56.9345
120841,2025-07-28,56.7163
120841,2025-07-29,56.6615
120841,2025-07-30,56.6173
120841,2025-07-31,56.4323
120841,2025-08-01,56.3029
120841,2025-08-02,57.1022
120841,2025-08-03,57.3827
120841,2025-08-04,57.235
120841,2025-08-05,57.5834
120841,2025-08-06,57.4165
120841,2025-08-07,58.0031
120841,2025-08-08,58.1879
120841,2025-08-09,58.1343
120841,2025-08-10,58.3581
120841,2025-08-11,57.5727
120841,2025-08-12,57.0093
120841,2025-08-13,56.4123
120841,2025-08-14,56.4838
120841,2025-08-15,57.3501
120841,2025-08-16,58.4657
120841,2025-08-17,58.7847
120841,2025-08-18,59.0352
120841,2025-08-19,58.1346
120841,2025-08-20,57.8633
120841,2025-08-21,57.4694
120841,2025-08-22,57.159
120841,2025-08-23,57.0749
120841,2025-08-24,56.8389
120841,2025-08-25,55.8492
120841,2025-08-26,56.2232
120841,2025-08-27,55.6868
120841,2025-08-28,55.8064
120841,2025-08-29,56.8435
120841,2025-08-30,56.3838
120841,2025-08-31,55.1186
120841,2025-09-01,54.9756
120841,2025-09-02,55.5261
120841,2025-09-03,56.5053
120841,2025-09-04,55.8905
120841,2025-09-05,56.1388
120841,2025-09-06,55.9062
120841,2025-09-07,55.8532
120841,2025-09-08,57.1754
120841,2025-09-09,56.4239
120841,2025-09-10,56.5508
120841,2025-09-11,56.7846
120841,2025-09-12,57.3275
120841,2025-09-13,57.3765
120841,2025-09-14,57.5305
120841,2025-09-15,57.3347
120841,2025-09-16,57.4693
120841,2025-09-17,57.2977
120841,2025-09-18,57.6085
120841,2025-09-19,57.4237
120841,2025-09-20,57.6122
120841,2025-09-21,57.5976
120841,2025-09-22,58.1606
120841,2025-09-23,58.1349
120841,2025-09-24,57.2484
120841,2025-09-25,57.8793
120841,2025-09-26,57.4265
120841,2025-09-27,57.0996
120841,2025-09-28,56.8018
120841,2025-09-29,57.489
120841,2025-09-30,56.4212
120841,2025-10-01,57.99
120841,2025-10-02,58.5181
120841,2025-10-03,58.6297
120841,2025-10-04,58.6022
120841,2025-10-05,58.745
120841,2025-10-06,59.0056
120841,2025-10-07,59.3282
120841,2025-10-08,59.606
120841,2025-10-09,59.6508
120841,2025-10-10,59.5521
120841,2025-10-11,59.4765
120841,2025-10-12,59.379
120841,2025-10-13,59.9459
120841,2025-10-14,60.2427
120841,2025-10-15,58.7725
120841,2025-10-16,59.1004
120841,2025-10-17,59.1978
120841,2025-10-18,59.1884
120841,2025-10-19,58.9942
120841,2025-10-20,59.5562
120841,2025-10-21,60.03
120841,2025-10-22,59.6436
120841,2025-10-23,59.8471
120841,2025-10-24,59.3613
120841,2025-10-25,58.6714
120841,2025-10-26,58.3581
120841,2025-10-27,58.7893
120841,2025-10-28,59.2658
120841,2025-10-29,59.5224
120841,2025-10-30,59.8849
120841,2025-10-31,60.143
120841,2025-11-01,59.8223
120841,2025-11-02,60.0382
120841,2025-11-03,60.4385
120841,2025-11-04,60.8156
120841,2025-11-05,61.4101
120841,2025-11-06,61.7642
120841,2025-11-07,61.9399
120841,2025-11-08,62.475
120841,2025-11-09,62.4617
120841,2025-11-10,62.0208
120841,2025-11-11,61.9393
120841,2025-11-12,61.5668
120841,2025-11-13,61.2292
120841,2025-11-14,61.157
120841,2025-11-15,60.7608
120841,2025-11-16,60.6068
120841,2025-11-17,59.66
120841,2025-11-18,59.7666
120841,2025-11-19,59.7672
120841,2025-11-20,59.3587
120841,2025-11-21,59.6883
120841,2025-11-22,60.1571
120841,2025-11-23,59.3533
120841,2025-11-24,58.9719
120841,2025-11-25,58.5874
120841,2025-11-26,58.1174
120841,2025-11-27,58.5322
120841,2025-11-28,58.4353
120841,2025-11-29,58.303
120841,2025-11-30,57.3011
120841,2025-12-01,57.6188
120841,2025-12-02,56.9991
120841,2025-12-03,57.0291
120841,2025-12-04,57.1678
120841,2025-12-05,57.8481
120841,2025-12-06,57.1937
120841,2025-12-07,55.684
120841,2025-12-08,55.7759
120841,2025-12-09,56.6761
120841,2025-12-10,57.2956
120841,2025-12-11,57.4004
120841,2025-12-12,57.1546
120841,2025-12-13,57.5582
120841,2025-12-14,57.0714
120841,2025-12-15,57.3096
120841,2025-12-16,57.5623
120841,2025-12-17,58.0924
120841,2025-12-18,59.4723
120841,2025-12-19,59.6685
120841,2025-12-20,59.414
120841,2025-12-21,59.4012
120841,2025-12-22,58.5167
120841,2025-12-23,58.1693
120841,2025-12-24,57.9647
120841,2025-12-25,57.7026
120841,2025-12-26,57.7788
120841,2025-12-27,57.3676
120841,2025-12-28,57.9281
120841,2025-12-29,57.9282
120841,2025-12-30,57.9236
120841,2025-12-31,57.7596
120841,2026-01-01,57.8372
120841,2026-01-02,58.2498
120841,2026-01-03,57.8162
120841,2026-01-04,57.4871
120841,2026-01-05,57.3353
120841,2026-01-06,56.6623
120841,2026-01-07,56.2527
120841,2026-01-08,56.0146
120841,2026-01-09,56.4518
120841,2026-01-10,56.5831
120841,2026-01-11,56.6799
120841,2026-01-12,57.1053
120841,2026-01-13,57.0366
120841,2026-01-14,57.2319
120841,2026-01-15,57.1802
120841,2026-01-16,57.3129
120841,2026-01-17,57.0215
120841,2026-01-18,55.8021
120841,2026-01-19,55.735
120841,2026-01-20,56.4464
120841,2026-01-21,56.9095
120841,2026-01-22,57.3922
120841,2026-01-23,58.0102
120841,2026-01-24,58.0546
120841,2026-01-25,58.1532
120841,2026-01-26,57.8444
120841,2026-01-27,57.6864
120841,2026-01-28,57.9943
120841,2026-01-29,58.5962
120841,2026-01-30,58.5265
120841,2026-01-31,58.3014
120841,2026-02-01,58.3016
120841,2026-02-02,58.6022
120841,2026-02-03,57.8803
120841,2026-02-04,56.7322
120841,2026-02-05,56.457
120841,2026-02-06,55.8466
120841,2026-02-07,55.5925
120841,2026-02-08,55.5186
120841,2026-02-09,55.292
120841,2026-02-10,56.0183
120841,2026-02-11,56.1816
120841,2026-02-12,56.3319
120841,2026-02-13,56.643
120841,2026-02-14,56.0736
120841,2026-02-15,56.5931
120841,2026-02-16,56.5552
120841,2026-02-17,56.8905
120841,2026-02-18,56.3545
120841,2026-02-19,55.5777
120841,2026-02-20,55.9866
120841,2026-02-21,56.1748
120841,2026-02-22,55.7238
120841,2026-02-23,55.289
120841,2026-02-24,55.8517
120841,2026-02-25,55.257
120841,2026-02-26,56.0783
120841,2026-02-27,55.628
120841,2026-02-28,55.9472
120841,2026-03-01,55.7829
120841,2026-03-02,56.0845
120841,2026-03-03,55.8124
120841,2026-03-04,55.731
120841,2026-03-05,55.7515
120841,2026-03-06,55.2504
120841,2026-03-07,55.6208
120841,2026-03-08,55.3642
120841,2026-03-09,55.2499
120841,2026-03-10,54.7527
120841,2026-03-11,53.4715
120841,2026-03-12,53.376
120841,2026-03-13,54.5823
120841,2026-03-14,54.9746
120841,2026-03-15,54.965
120841,2026-03-16,54.8336
120841,2026-03-17,54.8448
120841,2026-03-18,55.1184
120841,2026-03-19,54.528
120841,2026-03-20,55.0851
120841,2026-03-21,55.4428
120841,2026-03-22,55.8019
120841,2026-03-23,56.0211
120841,2026-03-24,56.0309
120841,2026-03-25,56.3674
120841,2026-03-26,56.6633
120841,2026-03-27,56.4863
120841,2026-03-28,56.1995
120841,2026-03-29,56.2504
120841,2026-03-30,57.0249
120841,2026-03-31,56.4053
120841,2026-04-01,55.6716
120841,2026-04-02,55.754
120841,2026-04-03,55.7794
120841,2026-04-04,55.8661
120841,2026-04-05,55.9881
120841,2026-04-06,55.8765
120841,2026-04-07,56.6214
120841,2026-04-08,55.8209
120841,2026-04-09,55.4067
120841,2026-04-10,55.3551
120841,2026-04-11,54.5335
120841,2026-04-12,54.4455
120841,2026-04-13,55.2763
120841,2026-04-14,55.2867
120841,2026-04-15,55.4021
120841,2026-04-16,54.772
120841,2026-04-17,54.4638
120841,2026-04-18,54.2762
120841,2026-04-19,54.1173
120841,2026-04-20,54.7582
120841,2026-04-21,55.037
120841,2026-04-22,54.4813
120841,2026-04-23,54.6045
120841,2026-04-24,54.8536
120841,2026-04-25,55.4237
120841,2026-04-26,56.214
120841,2026-04-27,55.7064
120841,2026-04-28,55.301
120841,2026-04-29,54.6722
120841,2026-04-30,54.5552
120841,2026-05-01,54.7884
120841,2026-05-02,55.2821
120841,2026-05-03,55.2441
120841,2026-05-04,55.0842
120841,2026-05-05,55.16
120841,2026-05-06,54.7425
120841,2026-05-07,55.7872
120841,2026-05-08,54.9834
120841,2026-05-09,55.0758
120841,2026-05-10,56.0876
120841,2026-05-11,56.091
120841,2026-05-12,55.996
120841,2026-05-13,55.8172
120841,2026-05-14,55.727
120841,2026-05-15,56.4135
120841,2026-05-16,55.3075
120841,2026-05-17,56.0743
120841,2026-05-18,55.3623
120841,2026-05-19,55.2289
120841,2026-05-20,55.0143
120841,2026-05-21,55.3086
120841,2026-05-22,54.5095
120841,2026-05-23,54.7406
120841,2026-05-24,55.7528
120841,2026-05-25,55.0712
120841,2026-05-26,55.166
120841,2026-05-27,54.8351
120841,2026-05-28,55.048
120841,2026-05-29,55.0576
120841,2026-05-30,54.7368
120841,2026-05-31,54.9808
120841,2026-06-01,55.8829
120841,2026-06-02,55.7875
